x_mm,y_mm,relative_ratio
17.0000,14.3000,1.055441
17.1000,14.3000,1.038811
17.2000,14.3000,1.035403
17.3000,14.3000,1.041023
17.4000,14.3000,1.030700
17.5000,14.3000,1.023003
16.7000,14.4000,1.034728
16.8000,14.4000,1.029806
16.9000,14.4000,1.031143
17.0000,14.4000,1.012597
17.1000,14.4000,1.019630
17.2000,14.4000,1.018716
17.3000,14.4000,1.012923
17.4000,14.4000,1.021664
17.5000,14.4000,1.026263
17.6000,14.4000,1.028658
17.7000,14.4000,1.039699
17.8000,14.4000,1.030133
16.5000,14.5000,1.027011
16.6000,14.5000,1.016783
16.7000,14.5000,1.004500
16.8000,14.5000,0.999014
16.9000,14.5000,0.999017
17.0000,14.5000,0.995957
17.1000,14.5000,1.004103
17.2000,14.5000,0.991392
17.3000,14.5000,0.995524
17.4000,14.5000,1.002110
17.5000,14.5000,1.002894
17.6000,14.5000,1.005807
17.7000,14.5000,1.024109
17.8000,14.5000,1.025791
17.9000,14.5000,1.037034
18.0000,14.5000,1.031405
16.3000,14.6000,1.026756
16.4000,14.6000,1.012727
16.5000,14.6000,0.999843
16.6000,14.6000,0.987190
16.7000,14.6000,0.990003
16.8000,14.6000,1.003494
16.9000,14.6000,0.993811
17.0000,14.6000,0.995612
17.1000,14.6000,1.004481
17.2000,14.6000,1.001868
17.3000,14.6000,0.999537
17.4000,14.6000,0.995986
17.5000,14.6000,1.003254
17.6000,14.6000,1.008289
17.7000,14.6000,1.007791
17.8000,14.6000,1.012374
17.9000,14.6000,1.008188
18.0000,14.6000,1.020882
18.1000,14.6000,1.032558
18.2000,14.6000,1.029080
16.2000,14.7000,1.017221
16.3000,14.7000,1.014567
16.4000,14.7000,1.008653
16.5000,14.7000,0.994731
16.6000,14.7000,1.000529
16.7000,14.7000,0.994923
16.8000,14.7000,0.996637
16.9000,14.7000,0.993085
17.0000,14.7000,0.997832
17.1000,14.7000,0.992385
17.2000,14.7000,0.988405
17.3000,14.7000,0.994607
17.4000,14.7000,0.997436
17.5000,14.7000,0.998088
17.6000,14.7000,0.998445
17.7000,14.7000,0.996884
17.8000,14.7000,0.989187
17.9000,14.7000,0.996379
18.0000,14.7000,0.997496
18.1000,14.7000,1.009109
18.2000,14.7000,1.021186
18.3000,14.7000,1.025078
18.4000,14.7000,1.030790
16.0000,14.8000,1.029757
16.1000,14.8000,1.010134
16.2000,14.8000,0.996356
16.3000,14.8000,1.004512
16.4000,14.8000,0.998729
16.5000,14.8000,1.002282
16.6000,14.8000,1.007055
16.7000,14.8000,1.009690
16.8000,14.8000,1.000837
16.9000,14.8000,0.995264
17.0000,14.8000,0.993992
17.1000,14.8000,0.990097
17.2000,14.8000,1.004360
17.3000,14.8000,1.005142
17.4000,14.8000,0.991876
17.5000,14.8000,0.997286
17.6000,14.8000,0.993748
17.7000,14.8000,1.000832
17.8000,14.8000,0.997205
17.9000,14.8000,1.009632
18.0000,14.8000,1.001268
18.1000,14.8000,0.992541
18.2000,14.8000,1.003304
18.3000,14.8000,1.016041
18.4000,14.8000,1.029188
18.5000,14.8000,1.019254
15.9000,14.9000,1.023664
16.0000,14.9000,1.000078
16.1000,14.9000,1.003219
16.2000,14.9000,1.004971
16.3000,14.9000,1.006558
16.4000,14.9000,0.999911
16.5000,14.9000,0.992060
16.6000,14.9000,0.994644
16.7000,14.9000,1.000881
16.8000,14.9000,0.990558
16.9000,14.9000,0.993109
17.0000,14.9000,0.997856
17.1000,14.9000,0.999482
17.2000,14.9000,0.987358
17.3000,14.9000,1.000263
17.4000,14.9000,0.990056
17.5000,14.9000,0.995469
17.6000,14.9000,0.999089
17.7000,14.9000,0.995430
17.8000,14.9000,0.997972
17.9000,14.9000,0.999003
18.0000,14.9000,0.996414
18.1000,14.9000,0.987838
18.2000,14.9000,0.992642
18.3000,14.9000,0.995696
18.4000,14.9000,1.009959
18.5000,14.9000,1.014696
18.6000,14.9000,1.016057
15.8000,15.0000,1.022541
15.9000,15.0000,1.009453
16.0000,15.0000,1.000693
16.1000,15.0000,1.002330
16.2000,15.0000,0.997707
16.3000,15.0000,0.998819
16.4000,15.0000,0.992602
16.5000,15.0000,0.999992
16.6000,15.0000,1.001221
16.7000,15.0000,0.992267
16.8000,15.0000,0.984625
16.9000,15.0000,1.000072
17.0000,15.0000,0.994121
17.1000,15.0000,1.005551
17.2000,15.0000,0.996968
17.3000,15.0000,1.000063
17.4000,15.0000,0.992195
17.5000,15.0000,1.002358
17.6000,15.0000,0.995592
17.7000,15.0000,1.000956
17.8000,15.0000,0.995520
17.9000,15.0000,0.997738
18.0000,15.0000,0.998074
18.1000,15.0000,0.997982
18.2000,15.0000,0.994997
18.3000,15.0000,0.987592
18.4000,15.0000,0.996440
18.5000,15.0000,1.007742
18.6000,15.0000,1.019527
18.7000,15.0000,1.021771
15.7000,15.1000,1.011800
15.8000,15.1000,1.010607
15.9000,15.1000,0.997902
16.0000,15.1000,1.001102
16.1000,15.1000,0.989509
16.2000,15.1000,0.995360
16.3000,15.1000,0.992858
16.4000,15.1000,0.991446
16.5000,15.1000,0.994109
16.6000,15.1000,0.998909
16.7000,15.1000,1.003289
16.8000,15.1000,0.993824
16.9000,15.1000,0.991971
17.0000,15.1000,0.994941
17.1000,15.1000,0.997226
17.2000,15.1000,0.994692
17.3000,15.1000,0.992746
17.4000,15.1000,0.992438
17.5000,15.1000,0.995715
17.6000,15.1000,0.994126
17.7000,15.1000,0.991046
17.8000,15.1000,0.993049
17.9000,15.1000,0.995948
18.0000,15.1000,0.991595
18.1000,15.1000,0.994117
18.2000,15.1000,0.990395
18.3000,15.1000,0.997015
18.4000,15.1000,0.993282
18.5000,15.1000,0.994945
18.6000,15.1000,1.005522
18.7000,15.1000,1.018255
18.8000,15.1000,1.018635
15.7000,15.2000,1.010841
15.8000,15.2000,1.003300
15.9000,15.2000,0.992895
16.0000,15.2000,0.998662
16.1000,15.2000,1.000520
16.2000,15.2000,0.997796
16.3000,15.2000,0.993494
16.4000,15.2000,0.994361
16.5000,15.2000,0.997339
16.6000,15.2000,1.013197
16.7000,15.2000,0.998765
16.8000,15.2000,0.992365
16.9000,15.2000,0.991920
17.0000,15.2000,0.999503
17.1000,15.2000,0.999249
17.2000,15.2000,1.003073
17.3000,15.2000,0.996402
17.4000,15.2000,0.990648
17.5000,15.2000,0.990196
17.6000,15.2000,0.994467
17.7000,15.2000,0.993046
17.8000,15.2000,0.994241
17.9000,15.2000,0.989023
18.0000,15.2000,0.993440
18.1000,15.2000,0.987617
18.2000,15.2000,0.989317
18.3000,15.2000,0.994495
18.4000,15.2000,0.991525
18.5000,15.2000,0.996216
18.6000,15.2000,0.995267
18.7000,15.2000,1.004197
18.8000,15.2000,1.021823
18.9000,15.2000,1.012807
15.6000,15.3000,1.002885
15.7000,15.3000,1.001205
15.8000,15.3000,0.995857
15.9000,15.3000,0.997853
16.0000,15.3000,0.992889
16.1000,15.3000,0.985764
16.2000,15.3000,0.988639
16.3000,15.3000,0.992599
16.4000,15.3000,0.989597
16.5000,15.3000,0.991313
16.6000,15.3000,0.996305
16.7000,15.3000,1.000744
16.8000,15.3000,0.989648
16.9000,15.3000,0.989984
17.0000,15.3000,0.996007
17.1000,15.3000,0.994949
17.2000,15.3000,0.998681
17.3000,15.3000,0.996465
17.4000,15.3000,0.986409
17.5000,15.3000,0.998953
17.6000,15.3000,0.993728
17.7000,15.3000,0.993411
17.8000,15.3000,0.992328
17.9000,15.3000,0.995085
18.0000,15.3000,0.992982
18.1000,15.3000,0.991723
18.2000,15.3000,0.994724
18.3000,15.3000,0.997317
18.4000,15.3000,0.994403
18.5000,15.3000,0.992355
18.6000,15.3000,0.996211
18.7000,15.3000,0.992982
18.8000,15.3000,1.008319
18.9000,15.3000,1.011060
19.0000,15.3000,0.996668
15.5000,15.4000,1.005843
15.6000,15.4000,1.002833
15.7000,15.4000,0.999911
15.8000,15.4000,0.987550
15.9000,15.4000,0.996656
16.0000,15.4000,0.991425
16.1000,15.4000,0.991286
16.2000,15.4000,0.990060
16.3000,15.4000,0.992294
16.4000,15.4000,0.996116
16.5000,15.4000,0.997689
16.6000,15.4000,0.996610
16.7000,15.4000,0.997907
16.8000,15.4000,1.000835
16.9000,15.4000,0.995695
17.0000,15.4000,0.998102
17.1000,15.4000,1.001193
17.2000,15.4000,0.993996
17.3000,15.4000,1.004045
17.4000,15.4000,0.998007
17.5000,15.4000,0.989817
17.6000,15.4000,0.996490
17.7000,15.4000,0.991972
17.8000,15.4000,0.992366
17.9000,15.4000,0.995430
18.0000,15.4000,0.986741
18.1000,15.4000,0.999493
18.2000,15.4000,0.997138
18.3000,15.4000,1.004102
18.4000,15.4000,0.996983
18.5000,15.4000,0.990607
18.6000,15.4000,0.992492
18.7000,15.4000,0.995035
18.8000,15.4000,0.997568
18.9000,15.4000,1.008139
19.0000,15.4000,1.007554
15.5000,15.5000,1.006395
15.6000,15.5000,0.995321
15.7000,15.5000,0.995152
15.8000,15.5000,0.996344
15.9000,15.5000,0.993877
16.0000,15.5000,0.994745
16.1000,15.5000,0.995114
16.2000,15.5000,0.996511
16.3000,15.5000,0.990735
16.4000,15.5000,1.000811
16.5000,15.5000,0.992856
16.6000,15.5000,0.991561
16.7000,15.5000,0.998916
16.8000,15.5000,1.001749
16.9000,15.5000,0.994400
17.0000,15.5000,0.995698
17.1000,15.5000,0.990219
17.2000,15.5000,0.995423
17.3000,15.5000,0.996418
17.4000,15.5000,0.991944
17.5000,15.5000,0.996549
17.6000,15.5000,0.993456
17.7000,15.5000,0.986558
17.8000,15.5000,0.984388
17.9000,15.5000,0.982741
18.0000,15.5000,0.985620
18.1000,15.5000,0.989662
18.2000,15.5000,0.990031
18.3000,15.5000,0.990829
18.4000,15.5000,0.995659
18.5000,15.5000,0.986482
18.6000,15.5000,0.991583
18.7000,15.5000,0.983162
18.8000,15.5000,0.988607
18.9000,15.5000,1.002103
19.0000,15.5000,1.009412
19.1000,15.5000,0.999562
15.4000,15.6000,0.994165
15.5000,15.6000,0.999946
15.6000,15.6000,0.995050
15.7000,15.6000,0.995242
15.8000,15.6000,0.993117
15.9000,15.6000,0.996727
16.0000,15.6000,0.990708
16.1000,15.6000,0.989586
16.2000,15.6000,0.998733
16.3000,15.6000,0.988906
16.4000,15.6000,0.999605
16.5000,15.6000,0.998633
16.6000,15.6000,0.994913
16.7000,15.6000,0.993685
16.8000,15.6000,0.989866
16.9000,15.6000,0.996076
17.0000,15.6000,0.983191
17.1000,15.6000,0.999103
17.2000,15.6000,0.990292
17.3000,15.6000,0.991446
17.4000,15.6000,1.000077
17.5000,15.6000,0.993395
17.6000,15.6000,0.989816
17.7000,15.6000,0.995221
17.8000,15.6000,0.998322
17.9000,15.6000,0.986565
18.0000,15.6000,0.997224
18.1000,15.6000,0.986660
18.2000,15.6000,0.995343
18.3000,15.6000,0.996193
18.4000,15.6000,0.989963
18.5000,15.6000,0.987217
18.6000,15.6000,0.990471
18.7000,15.6000,0.988965
18.8000,15.6000,0.999455
18.9000,15.6000,0.992215
19.0000,15.6000,1.004725
19.1000,15.6000,1.007534
19.2000,15.6000,1.003318
15.4000,15.7000,1.011029
15.5000,15.7000,0.984732
15.6000,15.7000,0.982809
15.7000,15.7000,1.001074
15.8000,15.7000,0.989144
15.9000,15.7000,0.988115
16.0000,15.7000,0.996923
16.1000,15.7000,0.994072
16.2000,15.7000,0.990864
16.3000,15.7000,0.995378
16.4000,15.7000,0.990965
16.5000,15.7000,0.989252
16.6000,15.7000,0.992925
16.7000,15.7000,0.994356
16.8000,15.7000,0.993375
16.9000,15.7000,0.990616
17.0000,15.7000,0.992679
17.1000,15.7000,0.994258
17.2000,15.7000,0.990372
17.3000,15.7000,0.988380
17.4000,15.7000,0.991535
17.5000,15.7000,0.988286
17.6000,15.7000,0.982413
17.7000,15.7000,0.990056
17.8000,15.7000,0.986466
17.9000,15.7000,0.992412
18.0000,15.7000,0.989467
18.1000,15.7000,0.993028
18.2000,15.7000,0.993482
18.3000,15.7000,0.983976
18.4000,15.7000,0.985270
18.5000,15.7000,0.983458
18.6000,15.7000,0.984538
18.7000,15.7000,0.985700
18.8000,15.7000,0.984076
18.9000,15.7000,0.988272
19.0000,15.7000,1.000293
19.1000,15.7000,1.003136
19.2000,15.7000,1.008840
15.3000,15.8000,0.992945
15.4000,15.8000,1.000166
15.5000,15.8000,0.994636
15.6000,15.8000,1.004985
15.7000,15.8000,1.000253
15.8000,15.8000,0.994335
15.9000,15.8000,0.993404
16.0000,15.8000,0.997975
16.1000,15.8000,0.991480
16.2000,15.8000,0.992318
16.3000,15.8000,0.996105
16.4000,15.8000,0.998130
16.5000,15.8000,0.993917
16.6000,15.8000,0.998200
16.7000,15.8000,0.993237
16.8000,15.8000,0.995907
16.9000,15.8000,0.998722
17.0000,15.8000,0.992674
17.1000,15.8000,0.992945
17.2000,15.8000,1.000139
17.3000,15.8000,0.989365
17.4000,15.8000,0.995396
17.5000,15.8000,0.989871
17.6000,15.8000,0.992569
17.7000,15.8000,0.983418
17.8000,15.8000,0.993193
17.9000,15.8000,0.994873
18.0000,15.8000,0.989994
18.1000,15.8000,0.986960
18.2000,15.8000,0.989066
18.3000,15.8000,0.991698
18.4000,15.8000,0.993110
18.5000,15.8000,0.995031
18.6000,15.8000,0.989798
18.7000,15.8000,0.989265
18.8000,15.8000,0.994301
18.9000,15.8000,0.989333
19.0000,15.8000,0.995824
19.1000,15.8000,1.006935
19.2000,15.8000,1.013329
15.3000,15.9000,0.997867
15.4000,15.9000,0.992133
15.5000,15.9000,0.994145
15.6000,15.9000,0.988767
15.7000,15.9000,0.990061
15.8000,15.9000,0.985642
15.9000,15.9000,0.992021
16.0000,15.9000,0.993231
16.1000,15.9000,0.993452
16.2000,15.9000,0.991062
16.3000,15.9000,0.992562
16.4000,15.9000,0.989203
16.5000,15.9000,0.988394
16.6000,15.9000,0.989161
16.7000,15.9000,0.989090
16.8000,15.9000,0.990402
16.9000,15.9000,0.990469
17.0000,15.9000,0.993034
17.1000,15.9000,0.993326
17.2000,15.9000,0.986705
17.3000,15.9000,0.998090
17.4000,15.9000,0.993758
17.5000,15.9000,0.987941
17.6000,15.9000,0.993397
17.7000,15.9000,0.994631
17.8000,15.9000,0.993302
17.9000,15.9000,0.998985
18.0000,15.9000,0.990589
18.1000,15.9000,0.990523
18.2000,15.9000,0.992535
18.3000,15.9000,0.988288
18.4000,15.9000,0.983259
18.5000,15.9000,0.991889
18.6000,15.9000,0.990319
18.7000,15.9000,0.987448
18.8000,15.9000,0.990988
18.9000,15.9000,0.982770
19.0000,15.9000,0.988692
19.1000,15.9000,1.004893
19.2000,15.9000,1.011013
19.3000,15.9000,1.015387
15.3000,16.0000,1.000114
15.4000,16.0000,0.987543
15.5000,16.0000,0.997685
15.6000,16.0000,0.991721
15.7000,16.0000,0.989629
15.8000,16.0000,1.001406
15.9000,16.0000,0.990678
16.0000,16.0000,0.988383
16.1000,16.0000,0.994973
16.2000,16.0000,1.000882
16.3000,16.0000,0.989608
16.4000,16.0000,0.997816
16.5000,16.0000,0.999824
16.6000,16.0000,0.992978
16.7000,16.0000,0.981271
16.8000,16.0000,0.993994
16.9000,16.0000,0.995502
17.0000,16.0000,0.999722
17.1000,16.0000,0.995395
17.2000,16.0000,0.997173
17.3000,16.0000,0.998412
17.4000,16.0000,1.001726
17.5000,16.0000,1.000761
17.6000,16.0000,0.993728
17.7000,16.0000,0.988448
17.8000,16.0000,0.994172
17.9000,16.0000,0.995258
18.0000,16.0000,0.991883
18.1000,16.0000,0.991452
18.2000,16.0000,0.994416
18.3000,16.0000,0.984361
18.4000,16.0000,0.997690
18.5000,16.0000,0.995004
18.6000,16.0000,0.989915
18.7000,16.0000,0.996170
18.8000,16.0000,0.993651
18.9000,16.0000,0.992887
19.0000,16.0000,0.994780
19.1000,16.0000,1.000181
19.2000,16.0000,1.006915
19.3000,16.0000,1.014839
15.2000,16.1000,0.979200
15.3000,16.1000,0.989124
15.4000,16.1000,0.990800
15.5000,16.1000,0.998503
15.6000,16.1000,0.995344
15.7000,16.1000,0.989460
15.8000,16.1000,0.990998
15.9000,16.1000,0.992509
16.0000,16.1000,0.986391
16.1000,16.1000,0.990195
16.2000,16.1000,0.994443
16.3000,16.1000,0.994143
16.4000,16.1000,1.000818
16.5000,16.1000,1.004513
16.6000,16.1000,0.994346
16.7000,16.1000,1.004004
16.8000,16.1000,0.994570
16.9000,16.1000,0.994568
17.0000,16.1000,0.988967
17.1000,16.1000,1.002194
17.2000,16.1000,0.992945
17.3000,16.1000,0.991181
17.4000,16.1000,0.994122
17.5000,16.1000,0.991866
17.6000,16.1000,0.988741
17.7000,16.1000,1.002474
17.8000,16.1000,0.993985
17.9000,16.1000,0.999141
18.0000,16.1000,1.001588
18.1000,16.1000,0.997567
18.2000,16.1000,0.991837
18.3000,16.1000,0.988250
18.4000,16.1000,0.987278
18.5000,16.1000,0.984879
18.6000,16.1000,0.991061
18.7000,16.1000,0.995681
18.8000,16.1000,0.984003
18.9000,16.1000,0.989889
19.0000,16.1000,0.988700
19.1000,16.1000,1.001684
19.2000,16.1000,1.005136
19.3000,16.1000,1.010765
15.2000,16.2000,0.991831
15.3000,16.2000,1.002600
15.4000,16.2000,0.995353
15.5000,16.2000,0.989506
15.6000,16.2000,0.994895
15.7000,16.2000,0.997418
15.8000,16.2000,0.997861
15.9000,16.2000,0.988779
16.0000,16.2000,1.000602
16.1000,16.2000,0.990689
16.2000,16.2000,0.996066
16.3000,16.2000,0.992564
16.4000,16.2000,0.997363
16.5000,16.2000,0.992991
16.6000,16.2000,0.988884
16.7000,16.2000,0.993556
16.8000,16.2000,0.991192
16.9000,16.2000,1.001816
17.0000,16.2000,0.993971
17.1000,16.2000,0.998565
17.2000,16.2000,0.991203
17.3000,16.2000,0.996963
17.4000,16.2000,0.994737
17.5000,16.2000,1.000571
17.6000,16.2000,0.994106
17.7000,16.2000,0.988840
17.8000,16.2000,0.991124
17.9000,16.2000,0.992631
18.0000,16.2000,0.997245
18.1000,16.2000,0.996561
18.2000,16.2000,0.998955
18.3000,16.2000,0.991961
18.4000,16.2000,0.994980
18.5000,16.2000,0.991640
18.6000,16.2000,0.991456
18.7000,16.2000,0.992516
18.8000,16.2000,0.992166
18.9000,16.2000,0.991260
19.0000,16.2000,1.000462
19.1000,16.2000,0.999901
19.2000,16.2000,0.998964
19.3000,16.2000,1.003703
19.4000,16.2000,1.013635
15.2000,16.3000,1.001086
15.3000,16.3000,0.995873
15.4000,16.3000,0.997675
15.5000,16.3000,0.992329
15.6000,16.3000,1.000650
15.7000,16.3000,0.993665
15.8000,16.3000,1.000077
15.9000,16.3000,0.997571
16.0000,16.3000,0.994492
16.1000,16.3000,1.002614
16.2000,16.3000,0.995989
16.3000,16.3000,0.990535
16.4000,16.3000,0.990497
16.5000,16.3000,0.984638
16.6000,16.3000,0.991440
16.7000,16.3000,0.998221
16.8000,16.3000,0.997044
16.9000,16.3000,0.999050
17.0000,16.3000,1.003876
17.1000,16.3000,0.997932
17.2000,16.3000,0.997655
17.3000,16.3000,0.998316
17.4000,16.3000,0.994795
17.5000,16.3000,0.996015
17.6000,16.3000,0.995920
17.7000,16.3000,1.002684
17.8000,16.3000,0.999240
17.9000,16.3000,1.000594
18.0000,16.3000,0.996265
18.1000,16.3000,0.995671
18.2000,16.3000,0.996807
18.3000,16.3000,0.995922
18.4000,16.3000,0.988369
18.5000,16.3000,0.991004
18.6000,16.3000,0.993655
18.7000,16.3000,1.001367
18.8000,16.3000,0.995832
18.9000,16.3000,0.995669
19.0000,16.3000,0.985335
19.1000,16.3000,0.993725
19.2000,16.3000,1.002769
19.3000,16.3000,1.007228
19.4000,16.3000,1.010605
15.2000,16.4000,0.994433
15.3000,16.4000,1.004666
15.4000,16.4000,0.984982
15.5000,16.4000,0.994211
15.6000,16.4000,0.999577
15.7000,16.4000,1.003105
15.8000,16.4000,0.999406
15.9000,16.4000,1.000849
16.0000,16.4000,0.995339
16.1000,16.4000,0.999058
16.2000,16.4000,1.004628
16.3000,16.4000,1.000751
16.4000,16.4000,1.002991
16.5000,16.4000,0.999558
16.6000,16.4000,1.007102
16.7000,16.4000,0.994696
16.8000,16.4000,0.996653
16.9000,16.4000,1.002650
17.0000,16.4000,1.000064
17.1000,16.4000,0.988511
17.2000,16.4000,1.005211
17.3000,16.4000,0.996084
17.4000,16.4000,0.996062
17.5000,16.4000,1.002247
17.6000,16.4000,0.994339
17.7000,16.4000,1.002843
17.8000,16.4000,0.997054
17.9000,16.4000,0.995531
18.0000,16.4000,1.001515
18.1000,16.4000,1.000013
18.2000,16.4000,1.000799
18.3000,16.4000,0.999688
18.4000,16.4000,0.993597
18.5000,16.4000,1.001749
18.6000,16.4000,1.001455
18.7000,16.4000,0.990581
18.8000,16.4000,1.002311
18.9000,16.4000,0.994982
19.0000,16.4000,0.998816
19.1000,16.4000,1.001283
19.2000,16.4000,1.004315
19.3000,16.4000,1.010271
19.4000,16.4000,1.010540
15.2000,16.5000,0.991096
15.3000,16.5000,0.994788
15.4000,16.5000,1.004628
15.5000,16.5000,0.993108
15.6000,16.5000,0.996148
15.7000,16.5000,0.999581
15.8000,16.5000,1.000823
15.9000,16.5000,1.002172
16.0000,16.5000,1.002447
16.1000,16.5000,1.001741
16.2000,16.5000,1.007929
16.3000,16.5000,0.990794
16.4000,16.5000,0.998784
16.5000,16.5000,0.993702
16.6000,16.5000,0.989188
16.7000,16.5000,0.996583
16.8000,16.5000,0.994035
16.9000,16.5000,0.999142
17.0000,16.5000,1.000367
17.1000,16.5000,0.999565
17.2000,16.5000,1.006256
17.3000,16.5000,1.000283
17.4000,16.5000,0.999787
17.5000,16.5000,0.987819
17.6000,16.5000,0.998802
17.7000,16.5000,0.998486
17.8000,16.5000,1.002460
17.9000,16.5000,0.999903
18.0000,16.5000,0.995649
18.1000,16.5000,0.996923
18.2000,16.5000,0.994395
18.3000,16.5000,0.989909
18.4000,16.5000,0.992854
18.5000,16.5000,0.991964
18.6000,16.5000,1.001556
18.7000,16.5000,0.999100
18.8000,16.5000,0.999966
18.9000,16.5000,0.994760
19.0000,16.5000,0.994199
19.1000,16.5000,1.001388
19.2000,16.5000,1.001612
19.3000,16.5000,1.010116
19.4000,16.5000,1.014833
15.2000,16.6000,0.992472
15.3000,16.6000,0.994024
15.4000,16.6000,0.999058
15.5000,16.6000,0.996673
15.6000,16.6000,0.996255
15.7000,16.6000,1.004331
15.8000,16.6000,0.994417
15.9000,16.6000,0.992535
16.0000,16.6000,0.997850
16.1000,16.6000,1.000636
16.2000,16.6000,0.992247
16.3000,16.6000,1.002716
16.4000,16.6000,1.002326
16.5000,16.6000,0.998478
16.6000,16.6000,0.996309
16.7000,16.6000,1.000008
16.8000,16.6000,1.002874
16.9000,16.6000,1.001193
17.0000,16.6000,1.007632
17.1000,16.6000,1.001773
17.2000,16.6000,1.004239
17.3000,16.6000,1.009408
17.4000,16.6000,0.993831
17.5000,16.6000,0.998271
17.6000,16.6000,0.997971
17.7000,16.6000,0.989713
17.8000,16.6000,0.999589
17.9000,16.6000,1.004034
18.0000,16.6000,0.993073
18.1000,16.6000,0.999189
18.2000,16.6000,0.999717
18.3000,16.6000,1.003896
18.4000,16.6000,1.005755
18.5000,16.6000,1.006015
18.6000,16.6000,1.004321
18.7000,16.6000,0.999246
18.8000,16.6000,1.000264
18.9000,16.6000,0.994146
19.0000,16.6000,0.998550
19.1000,16.6000,0.999968
19.2000,16.6000,1.023003
19.3000,16.6000,1.006464
19.4000,16.6000,1.010278
15.2000,16.7000,0.986979
15.3000,16.7000,0.984696
15.4000,16.7000,1.011330
15.5000,16.7000,1.007474
15.6000,16.7000,0.996469
15.7000,16.7000,0.989951
15.8000,16.7000,1.002213
15.9000,16.7000,1.004226
16.0000,16.7000,0.996947
16.1000,16.7000,0.998170
16.2000,16.7000,1.003764
16.3000,16.7000,0.999718
16.4000,16.7000,0.992550
16.5000,16.7000,0.994741
16.6000,16.7000,0.989434
16.7000,16.7000,0.993033
16.8000,16.7000,0.996680
16.9000,16.7000,0.995713
17.0000,16.7000,0.998169
17.1000,16.7000,1.004991
17.2000,16.7000,1.000944
17.3000,16.7000,1.002165
17.4000,16.7000,1.005286
17.5000,16.7000,0.994397
17.6000,16.7000,0.991888
17.7000,16.7000,0.995501
17.8000,16.7000,1.002273
17.9000,16.7000,1.007546
18.0000,16.7000,0.995277
18.1000,16.7000,1.000088
18.2000,16.7000,1.000463
18.3000,16.7000,0.999346
18.4000,16.7000,0.999780
18.5000,16.7000,0.996585
18.6000,16.7000,0.997265
18.7000,16.7000,1.002646
18.8000,16.7000,0.997267
18.9000,16.7000,0.998133
19.0000,16.7000,0.996789
19.1000,16.7000,0.998635
19.2000,16.7000,1.008502
19.3000,16.7000,1.006179
19.4000,16.7000,1.012591
15.2000,16.8000,1.006178
15.3000,16.8000,0.998460
15.4000,16.8000,1.004817
15.5000,16.8000,0.998396
15.6000,16.8000,0.993498
15.7000,16.8000,0.999310
15.8000,16.8000,1.000642
15.9000,16.8000,0.998373
16.0000,16.8000,0.999080
16.1000,16.8000,0.990301
16.2000,16.8000,1.013271
16.3000,16.8000,0.992112
16.4000,16.8000,1.000870
16.5000,16.8000,1.000287
16.6000,16.8000,0.999080
16.7000,16.8000,0.998298
16.8000,16.8000,1.000708
16.9000,16.8000,0.998497
17.0000,16.8000,0.998925
17.1000,16.8000,0.999733
17.2000,16.8000,0.994852
17.3000,16.8000,0.995749
17.4000,16.8000,0.999854
17.5000,16.8000,0.999665
17.6000,16.8000,0.990297
17.7000,16.8000,0.996414
17.8000,16.8000,0.997065
17.9000,16.8000,1.002372
18.0000,16.8000,1.001195
18.1000,16.8000,1.006427
18.2000,16.8000,1.003764
18.3000,16.8000,1.000345
18.4000,16.8000,1.002991
18.5000,16.8000,1.002516
18.6000,16.8000,1.001014
18.7000,16.8000,1.000356
18.8000,16.8000,0.999472
18.9000,16.8000,0.998553
19.0000,16.8000,1.003880
19.1000,16.8000,0.997487
19.2000,16.8000,1.008134
19.3000,16.8000,1.016380
19.4000,16.8000,1.011785
15.2000,16.9000,0.985631
15.3000,16.9000,1.004447
15.4000,16.9000,0.995852
15.5000,16.9000,1.003493
15.6000,16.9000,1.000731
15.7000,16.9000,1.007679
15.8000,16.9000,1.000928
15.9000,16.9000,1.002134
16.0000,16.9000,1.002971
16.1000,16.9000,0.999211
16.2000,16.9000,0.986509
16.3000,16.9000,0.995616
16.4000,16.9000,0.995832
16.5000,16.9000,1.003875
16.6000,16.9000,0.993938
16.7000,16.9000,1.003567
16.8000,16.9000,0.998435
16.9000,16.9000,1.001769
17.0000,16.9000,1.003059
17.1000,16.9000,0.999165
17.2000,16.9000,0.995444
17.3000,16.9000,0.995917
17.4000,16.9000,1.003131
17.5000,16.9000,0.990983
17.6000,16.9000,0.992933
17.7000,16.9000,1.004441
17.8000,16.9000,1.005976
17.9000,16.9000,0.998242
18.0000,16.9000,1.001856
18.1000,16.9000,1.004305
18.2000,16.9000,1.008494
18.3000,16.9000,0.998616
18.4000,16.9000,0.998034
18.5000,16.9000,0.997705
18.6000,16.9000,1.006689
18.7000,16.9000,0.998068
18.8000,16.9000,1.001657
18.9000,16.9000,1.001166
19.0000,16.9000,1.008061
19.1000,16.9000,0.996015
19.2000,16.9000,1.010007
19.3000,16.9000,1.013147
19.4000,16.9000,1.013043
15.2000,17.0000,0.992734
15.3000,17.0000,1.002187
15.4000,17.0000,1.009430
15.5000,17.0000,1.000841
15.6000,17.0000,1.003721
15.7000,17.0000,0.997895
15.8000,17.0000,1.000134
15.9000,17.0000,1.002447
16.0000,17.0000,1.000956
16.1000,17.0000,0.997981
16.2000,17.0000,0.998737
16.3000,17.0000,1.006152
16.4000,17.0000,0.998901
16.5000,17.0000,0.999659
16.6000,17.0000,0.991473
16.7000,17.0000,1.002836
16.8000,17.0000,0.993640
16.9000,17.0000,0.999308
17.0000,17.0000,1.007423
17.1000,17.0000,1.005582
17.2000,17.0000,1.007513
17.3000,17.0000,1.004259
17.4000,17.0000,1.009455
17.5000,17.0000,1.002178
17.6000,17.0000,1.004410
17.7000,17.0000,1.008994
17.8000,17.0000,1.017732
17.9000,17.0000,0.997093
18.0000,17.0000,1.006019
18.1000,17.0000,0.999912
18.2000,17.0000,1.007217
18.3000,17.0000,1.006298
18.4000,17.0000,0.996881
18.5000,17.0000,1.000460
18.6000,17.0000,1.005615
18.7000,17.0000,0.999885
18.8000,17.0000,0.997162
18.9000,17.0000,0.989710
19.0000,17.0000,1.003644
19.1000,17.0000,1.000719
19.2000,17.0000,1.008469
19.3000,17.0000,1.016518
19.4000,17.0000,1.020350
15.2000,17.1000,0.990939
15.3000,17.1000,1.007420
15.4000,17.1000,1.006086
15.5000,17.1000,0.995751
15.6000,17.1000,1.005486
15.7000,17.1000,1.009386
15.8000,17.1000,1.005564
15.9000,17.1000,1.001950
16.0000,17.1000,1.003113
16.1000,17.1000,0.996568
16.2000,17.1000,1.007349
16.3000,17.1000,1.001954
16.4000,17.1000,0.999946
16.5000,17.1000,1.005723
16.6000,17.1000,0.991188
16.7000,17.1000,0.997589
16.8000,17.1000,1.002360
16.9000,17.1000,0.997149
17.0000,17.1000,0.996224
17.1000,17.1000,0.998519
17.2000,17.1000,1.013047
17.3000,17.1000,1.003141
17.4000,17.1000,1.000215
17.5000,17.1000,0.998936
17.6000,17.1000,0.992687
17.7000,17.1000,1.004434
17.8000,17.1000,1.005411
17.9000,17.1000,1.001002
18.0000,17.1000,1.005920
18.1000,17.1000,1.005239
18.2000,17.1000,1.006582
18.3000,17.1000,1.009866
18.4000,17.1000,1.012109
18.5000,17.1000,0.997376
18.6000,17.1000,0.999098
18.7000,17.1000,1.000143
18.8000,17.1000,0.991053
18.9000,17.1000,1.005627
19.0000,17.1000,1.001488
19.1000,17.1000,1.003121
19.2000,17.1000,1.007238
19.3000,17.1000,1.013906
19.4000,17.1000,1.008968
15.2000,17.2000,0.993350
15.3000,17.2000,1.002760
15.4000,17.2000,0.997548
15.5000,17.2000,0.992357
15.6000,17.2000,1.004950
15.7000,17.2000,1.013789
15.8000,17.2000,1.002838
15.9000,17.2000,1.005555
16.0000,17.2000,1.012275
16.1000,17.2000,1.004505
16.2000,17.2000,1.013114
16.3000,17.2000,1.014522
16.4000,17.2000,0.997418
16.5000,17.2000,0.996678
16.6000,17.2000,1.005495
16.7000,17.2000,0.995040
16.8000,17.2000,1.000929
16.9000,17.2000,0.998916
17.0000,17.2000,1.001246
17.1000,17.2000,1.002589
17.2000,17.2000,1.003197
17.3000,17.2000,1.009564
17.4000,17.2000,1.004141
17.5000,17.2000,1.005476
17.6000,17.2000,1.006819
17.7000,17.2000,1.003109
17.8000,17.2000,1.001970
17.9000,17.2000,1.010848
18.0000,17.2000,1.004173
18.1000,17.2000,1.001058
18.2000,17.2000,1.004105
18.3000,17.2000,1.008772
18.4000,17.2000,1.005537
18.5000,17.2000,1.006055
18.6000,17.2000,1.003270
18.7000,17.2000,1.005034
18.8000,17.2000,0.999792
18.9000,17.2000,0.999370
19.0000,17.2000,1.003394
19.1000,17.2000,1.009903
19.2000,17.2000,1.006293
19.3000,17.2000,1.011456
19.4000,17.2000,1.007560
15.2000,17.3000,0.976784
15.3000,17.3000,0.989419
15.4000,17.3000,1.008686
15.5000,17.3000,1.005711
15.6000,17.3000,0.999690
15.7000,17.3000,1.007374
15.8000,17.3000,1.006983
15.9000,17.3000,1.008771
16.0000,17.3000,1.008062
16.1000,17.3000,0.997706
16.2000,17.3000,1.000109
16.3000,17.3000,1.003489
16.4000,17.3000,1.004103
16.5000,17.3000,1.004973
16.6000,17.3000,0.997244
16.7000,17.3000,0.999271
16.8000,17.3000,0.999280
16.9000,17.3000,1.003312
17.0000,17.3000,1.008359
17.1000,17.3000,1.001757
17.2000,17.3000,1.001102
17.3000,17.3000,1.005881
17.4000,17.3000,0.993899
17.5000,17.3000,0.999689
17.6000,17.3000,1.005570
17.7000,17.3000,1.003902
17.8000,17.3000,1.011899
17.9000,17.3000,1.001065
18.0000,17.3000,1.007193
18.1000,17.3000,0.999914
18.2000,17.3000,1.008781
18.3000,17.3000,1.005374
18.4000,17.3000,1.007002
18.5000,17.3000,1.004444
18.6000,17.3000,1.002903
18.7000,17.3000,1.005711
18.8000,17.3000,1.000641
18.9000,17.3000,1.010602
19.0000,17.3000,1.000154
19.1000,17.3000,1.006894
19.2000,17.3000,1.015813
19.3000,17.3000,1.028647
19.4000,17.3000,1.010606
15.2000,17.4000,0.977395
15.3000,17.4000,0.997067
15.4000,17.4000,1.006795
15.5000,17.4000,1.008012
15.6000,17.4000,1.005785
15.7000,17.4000,1.004237
15.8000,17.4000,0.996712
15.9000,17.4000,1.009541
16.0000,17.4000,1.011327
16.1000,17.4000,1.009472
16.2000,17.4000,1.011497
16.3000,17.4000,1.006081
16.4000,17.4000,1.002959
16.5000,17.4000,1.000727
16.6000,17.4000,0.997138
16.7000,17.4000,1.005353
16.8000,17.4000,1.008352
16.9000,17.4000,1.018648
17.0000,17.4000,1.011941
17.1000,17.4000,1.005095
17.2000,17.4000,1.003253
17.3000,17.4000,1.003951
17.4000,17.4000,1.004874
17.5000,17.4000,1.004417
17.6000,17.4000,1.012269
17.7000,17.4000,1.009703
17.8000,17.4000,1.014926
17.9000,17.4000,1.002389
18.0000,17.4000,1.004662
18.1000,17.4000,1.004831
18.2000,17.4000,1.007459
18.3000,17.4000,1.007163
18.4000,17.4000,1.006160
18.5000,17.4000,1.001157
18.6000,17.4000,0.999858
18.7000,17.4000,1.008244
18.8000,17.4000,0.999869
18.9000,17.4000,0.995795
19.0000,17.4000,1.007931
19.1000,17.4000,1.008068
19.2000,17.4000,1.009214
19.3000,17.4000,1.006446
19.4000,17.4000,0.994099
15.3000,17.5000,0.993734
15.4000,17.5000,1.005198
15.5000,17.5000,1.006409
15.6000,17.5000,1.004303
15.7000,17.5000,1.003526
15.8000,17.5000,1.002711
15.9000,17.5000,1.003671
16.0000,17.5000,1.009851
16.1000,17.5000,1.010830
16.2000,17.5000,1.010005
16.3000,17.5000,0.997425
16.4000,17.5000,0.994455
16.5000,17.5000,0.990358
16.6000,17.5000,0.993561
16.7000,17.5000,0.996504
16.8000,17.5000,1.000584
16.9000,17.5000,1.014322
17.0000,17.5000,1.014809
17.1000,17.5000,1.012308
17.2000,17.5000,1.012187
17.3000,17.5000,1.012504
17.4000,17.5000,1.015632
17.5000,17.5000,1.006293
17.6000,17.5000,1.003668
17.7000,17.5000,1.011508
17.8000,17.5000,1.016680
17.9000,17.5000,1.020680
18.0000,17.5000,1.005765
18.1000,17.5000,1.003132
18.2000,17.5000,1.006061
18.3000,17.5000,0.998018
18.4000,17.5000,0.998495
18.5000,17.5000,1.003296
18.6000,17.5000,1.000924
18.7000,17.5000,1.005797
18.8000,17.5000,1.004278
18.9000,17.5000,0.999106
19.0000,17.5000,1.005770
19.1000,17.5000,1.011857
19.2000,17.5000,1.011728
19.3000,17.5000,1.013206
15.3000,17.6000,0.970173
15.4000,17.6000,1.008199
15.5000,17.6000,1.006100
15.6000,17.6000,1.015347
15.7000,17.6000,1.006360
15.8000,17.6000,1.006131
15.9000,17.6000,1.002214
16.0000,17.6000,1.007736
16.1000,17.6000,1.002919
16.2000,17.6000,1.001909
16.3000,17.6000,0.993841
16.4000,17.6000,0.993628
16.5000,17.6000,0.992534
16.6000,17.6000,0.995573
16.7000,17.6000,1.001119
16.8000,17.6000,1.008382
16.9000,17.6000,1.004798
17.0000,17.6000,1.015216
17.1000,17.6000,1.006907
17.2000,17.6000,1.012321
17.3000,17.6000,1.016520
17.4000,17.6000,1.012029
17.5000,17.6000,1.008527
17.6000,17.6000,1.005535
17.7000,17.6000,1.008868
17.8000,17.6000,1.007534
17.9000,17.6000,1.009051
18.0000,17.6000,1.014934
18.1000,17.6000,1.007923
18.2000,17.6000,1.001502
18.3000,17.6000,1.004891
18.4000,17.6000,0.994503
18.5000,17.6000,1.002017
18.6000,17.6000,0.998948
18.7000,17.6000,1.001644
18.8000,17.6000,0.997191
18.9000,17.6000,0.997729
19.0000,17.6000,1.005075
19.1000,17.6000,0.996803
19.2000,17.6000,1.012637
19.3000,17.6000,0.996520
15.4000,17.7000,1.004478
15.5000,17.7000,1.009032
15.6000,17.7000,1.010128
15.7000,17.7000,1.014197
15.8000,17.7000,1.016495
15.9000,17.7000,1.014880
16.0000,17.7000,1.006033
16.1000,17.7000,1.004625
16.2000,17.7000,1.003451
16.3000,17.7000,1.006755
16.4000,17.7000,1.001961
16.5000,17.7000,0.997907
16.6000,17.7000,1.000292
16.7000,17.7000,1.000393
16.8000,17.7000,1.004012
16.9000,17.7000,1.006768
17.0000,17.7000,1.006156
17.1000,17.7000,1.003407
17.2000,17.7000,1.016393
17.3000,17.7000,1.021103
17.4000,17.7000,1.011226
17.5000,17.7000,1.010452
17.6000,17.7000,1.012452
17.7000,17.7000,1.001099
17.8000,17.7000,1.016110
17.9000,17.7000,1.013089
18.0000,17.7000,0.999440
18.1000,17.7000,1.010670
18.2000,17.7000,1.003722
18.3000,17.7000,1.006742
18.4000,17.7000,0.998183
18.5000,17.7000,1.004107
18.6000,17.7000,1.003468
18.7000,17.7000,1.002496
18.8000,17.7000,0.999660
18.9000,17.7000,1.002089
19.0000,17.7000,1.008510
19.1000,17.7000,1.011904
19.2000,17.7000,0.999543
19.3000,17.7000,0.984518
15.4000,17.8000,0.992514
15.5000,17.8000,0.998538
15.6000,17.8000,1.010530
15.7000,17.8000,1.010161
15.8000,17.8000,1.004091
15.9000,17.8000,1.009456
16.0000,17.8000,1.011517
16.1000,17.8000,1.007522
16.2000,17.8000,1.007480
16.3000,17.8000,1.010328
16.4000,17.8000,1.005403
16.5000,17.8000,0.998861
16.6000,17.8000,0.996496
16.7000,17.8000,1.007767
16.8000,17.8000,1.010695
16.9000,17.8000,1.014586
17.0000,17.8000,0.996599
17.1000,17.8000,1.002721
17.2000,17.8000,1.005806
17.3000,17.8000,1.010559
17.4000,17.8000,1.007537
17.5000,17.8000,1.012820
17.6000,17.8000,1.005479
17.7000,17.8000,1.009120
17.8000,17.8000,1.013361
17.9000,17.8000,1.012475
18.0000,17.8000,1.004870
18.1000,17.8000,1.007090
18.2000,17.8000,1.002079
18.3000,17.8000,1.000403
18.4000,17.8000,0.999198
18.5000,17.8000,1.000391
18.6000,17.8000,1.001582
18.7000,17.8000,1.010970
18.8000,17.8000,1.003772
18.9000,17.8000,1.008271
19.0000,17.8000,1.007559
19.1000,17.8000,1.006111
19.2000,17.8000,1.001059
15.5000,17.9000,0.995216
15.6000,17.9000,1.001197
15.7000,17.9000,1.004508
15.8000,17.9000,1.006071
15.9000,17.9000,1.010895
16.0000,17.9000,0.999791
16.1000,17.9000,1.006484
16.2000,17.9000,0.998722
16.3000,17.9000,0.998531
16.4000,17.9000,0.994303
16.5000,17.9000,0.996132
16.6000,17.9000,0.999655
16.7000,17.9000,1.009948
16.8000,17.9000,1.011412
16.9000,17.9000,1.008191
17.0000,17.9000,1.007211
17.1000,17.9000,1.006990
17.2000,17.9000,1.004874
17.3000,17.9000,1.015093
17.4000,17.9000,1.016021
17.5000,17.9000,1.003704
17.6000,17.9000,0.997339
17.7000,17.9000,1.003965
17.8000,17.9000,1.006180
17.9000,17.9000,0.999469
18.0000,17.9000,1.006407
18.1000,17.9000,1.004039
18.2000,17.9000,0.993071
18.3000,17.9000,0.997901
18.4000,17.9000,1.004854
18.5000,17.9000,1.009937
18.6000,17.9000,1.010253
18.7000,17.9000,0.999025
18.8000,17.9000,1.003937
18.9000,17.9000,1.007315
19.0000,17.9000,1.007731
19.1000,17.9000,1.008038
19.2000,17.9000,0.999472
15.5000,18.0000,0.965772
15.6000,18.0000,0.997911
15.7000,18.0000,1.000739
15.8000,18.0000,0.999228
15.9000,18.0000,0.993109
16.0000,18.0000,0.993938
16.1000,18.0000,1.003351
16.2000,18.0000,1.005687
16.3000,18.0000,1.000227
16.4000,18.0000,1.002734
16.5000,18.0000,1.002672
16.6000,18.0000,1.011983
16.7000,18.0000,1.005331
16.8000,18.0000,1.006837
16.9000,18.0000,1.010997
17.0000,18.0000,1.010944
17.1000,18.0000,1.011381
17.2000,18.0000,1.004095
17.3000,18.0000,1.010452
17.4000,18.0000,1.011014
17.5000,18.0000,1.005913
17.6000,18.0000,1.011652
17.7000,18.0000,1.016917
17.8000,18.0000,1.014645
17.9000,18.0000,1.008507
18.0000,18.0000,1.010609
18.1000,18.0000,1.006785
18.2000,18.0000,1.007648
18.3000,18.0000,1.008665
18.4000,18.0000,1.007081
18.5000,18.0000,1.009269
18.6000,18.0000,1.008330
18.7000,18.0000,1.010185
18.8000,18.0000,1.009110
18.9000,18.0000,1.012898
19.0000,18.0000,1.007336
19.1000,18.0000,0.994543
15.6000,18.1000,0.986350
15.7000,18.1000,0.993473
15.8000,18.1000,0.996084
15.9000,18.1000,0.992274
16.0000,18.1000,1.003629
16.1000,18.1000,1.004125
16.2000,18.1000,1.002423
16.3000,18.1000,0.995323
16.4000,18.1000,1.003957
16.5000,18.1000,1.003373
16.6000,18.1000,1.001495
16.7000,18.1000,1.005748
16.8000,18.1000,1.002384
16.9000,18.1000,1.003809
17.0000,18.1000,1.006201
17.1000,18.1000,1.008060
17.2000,18.1000,1.007991
17.3000,18.1000,1.004517
17.4000,18.1000,1.009149
17.5000,18.1000,1.012297
17.6000,18.1000,1.003211
17.7000,18.1000,1.013049
17.8000,18.1000,1.012036
17.9000,18.1000,1.009405
18.0000,18.1000,1.008457
18.1000,18.1000,1.011676
18.2000,18.1000,1.007230
18.3000,18.1000,1.007638
18.4000,18.1000,1.003135
18.5000,18.1000,1.000478
18.6000,18.1000,1.000318
18.7000,18.1000,1.009773
18.8000,18.1000,1.011831
18.9000,18.1000,1.012928
19.0000,18.1000,0.990428
15.7000,18.2000,0.973798
15.8000,18.2000,1.001009
15.9000,18.2000,0.993142
16.0000,18.2000,0.999356
16.1000,18.2000,1.010219
16.2000,18.2000,1.012071
16.3000,18.2000,0.997765
16.4000,18.2000,1.006566
16.5000,18.2000,0.998905
16.6000,18.2000,1.003229
16.7000,18.2000,0.998344
16.8000,18.2000,1.000740
16.9000,18.2000,0.995586
17.0000,18.2000,1.011221
17.1000,18.2000,1.003705
17.2000,18.2000,1.011449
17.3000,18.2000,1.009451
17.4000,18.2000,1.009513
17.5000,18.2000,1.013130
17.6000,18.2000,1.015025
17.7000,18.2000,1.010759
17.8000,18.2000,1.011191
17.9000,18.2000,1.001969
18.0000,18.2000,1.007058
18.1000,18.2000,1.007294
18.2000,18.2000,1.004588
18.3000,18.2000,1.013201
18.4000,18.2000,1.005323
18.5000,18.2000,1.004718
18.6000,18.2000,1.016208
18.7000,18.2000,1.014622
18.8000,18.2000,1.007313
18.9000,18.2000,0.993372
15.7000,18.3000,0.966645
15.8000,18.3000,0.983059
15.9000,18.3000,0.999865
16.0000,18.3000,1.001602
16.1000,18.3000,1.005130
16.2000,18.3000,1.013047
16.3000,18.3000,1.010719
16.4000,18.3000,1.010759
16.5000,18.3000,1.005066
16.6000,18.3000,0.996769
16.7000,18.3000,1.006077
16.8000,18.3000,1.001638
16.9000,18.3000,1.008811
17.0000,18.3000,0.998825
17.1000,18.3000,1.008061
17.2000,18.3000,1.001752
17.3000,18.3000,0.993820
17.4000,18.3000,1.005924
17.5000,18.3000,1.006355
17.6000,18.3000,1.006374
17.7000,18.3000,1.007211
17.8000,18.3000,1.011997
17.9000,18.3000,1.005673
18.0000,18.3000,1.015972
18.1000,18.3000,1.013410
18.2000,18.3000,1.015067
18.3000,18.3000,1.001039
18.4000,18.3000,1.006454
18.5000,18.3000,1.014766
18.6000,18.3000,1.003726
18.7000,18.3000,1.007697
18.8000,18.3000,0.992651
15.8000,18.4000,0.957894
15.9000,18.4000,0.975132
16.0000,18.4000,1.008660
16.1000,18.4000,1.010623
16.2000,18.4000,1.005723
16.3000,18.4000,1.004682
16.4000,18.4000,1.001231
16.5000,18.4000,1.000901
16.6000,18.4000,1.010651
16.7000,18.4000,1.008142
16.8000,18.4000,1.008937
16.9000,18.4000,0.993876
17.0000,18.4000,1.003513
17.1000,18.4000,1.003093
17.2000,18.4000,1.004947
17.3000,18.4000,1.004150
17.4000,18.4000,1.015493
17.5000,18.4000,1.007105
17.6000,18.4000,1.007315
17.7000,18.4000,1.007226
17.8000,18.4000,1.000786
17.9000,18.4000,1.009049
18.0000,18.4000,1.005291
18.1000,18.4000,1.012569
18.2000,18.4000,1.009121
18.3000,18.4000,1.013755
18.4000,18.4000,1.010310
18.5000,18.4000,1.007932
18.6000,18.4000,0.997621
15.9000,18.5000,0.962621
16.0000,18.5000,1.008126
16.1000,18.5000,1.012765
16.2000,18.5000,1.016578
16.3000,18.5000,1.012959
16.4000,18.5000,1.013448
16.5000,18.5000,1.005148
16.6000,18.5000,0.995876
16.7000,18.5000,1.003443
16.8000,18.5000,1.008874
16.9000,18.5000,1.007033
17.0000,18.5000,1.002935
17.1000,18.5000,1.005550
17.2000,18.5000,1.006854
17.3000,18.5000,1.004476
17.4000,18.5000,1.006916
17.5000,18.5000,1.009827
17.6000,18.5000,1.003051
17.7000,18.5000,1.008527
17.8000,18.5000,1.010901
17.9000,18.5000,1.006926
18.0000,18.5000,1.005453
18.1000,18.5000,1.014603
18.2000,18.5000,1.002786
18.3000,18.5000,0.994976
18.4000,18.5000,0.994471
16.0000,18.6000,0.973851
16.1000,18.6000,0.983423
16.2000,18.6000,0.999648
16.3000,18.6000,1.009823
16.4000,18.6000,1.007201
16.5000,18.6000,1.010399
16.6000,18.6000,1.004998
16.7000,18.6000,1.013978
16.8000,18.6000,1.011405
16.9000,18.6000,1.010210
17.0000,18.6000,1.006048
17.1000,18.6000,0.992635
17.2000,18.6000,0.998802
17.3000,18.6000,1.024158
17.4000,18.6000,1.013115
17.5000,18.6000,1.014922
17.6000,18.6000,1.008402
17.7000,18.6000,1.009922
17.8000,18.6000,1.020212
17.9000,18.6000,1.012336
18.0000,18.6000,1.003613
18.1000,18.6000,0.984347
18.2000,18.6000,0.982154
16.2000,18.7000,0.968277
16.3000,18.7000,0.959159
16.4000,18.7000,0.986881
16.5000,18.7000,0.996087
16.6000,18.7000,0.999433
16.7000,18.7000,1.013452
16.8000,18.7000,1.015550
16.9000,18.7000,1.012688
17.0000,18.7000,1.009268
17.1000,18.7000,1.018479
17.2000,18.7000,1.014023
17.3000,18.7000,1.020884
17.4000,18.7000,1.018098
17.5000,18.7000,1.019123
17.6000,18.7000,1.013484
17.7000,18.7000,1.001486
17.8000,18.7000,0.990910
17.9000,18.7000,0.977220
18.0000,18.7000,0.960015
16.5000,18.8000,0.961950
16.6000,18.8000,0.960325
16.7000,18.8000,0.957760
16.8000,18.8000,0.971845
16.9000,18.8000,0.964737
17.0000,18.8000,0.975575
17.1000,18.8000,0.976168
17.2000,18.8000,0.980891
17.3000,18.8000,0.981326
17.4000,18.8000,0.982346
17.5000,18.8000,0.982983
17.6000,18.8000,0.978876
