wavelength_nm,sigma_abs_300K_cm2,sigma_abs_450K_cm2,sigma_em_300K_cm2,sigma_em_450K_cm2,abs_300_detected,abs_450_detected,em_300_detected,em_450_detected
920,2.8606060606060606e-21,2.5757575757575754e-21,7.096774193548388e-23,2.661290322580645e-22,True,True,False,True
921,2.5636363636363633e-21,2.339393939393939e-21,7.096774193548388e-23,2.838709677419355e-22,True,True,False,True
922,2.496969696969697e-21,2.327272727272727e-21,7.096774193548388e-23,3.016129032258065e-22,True,True,False,True
923,2.460606060606061e-21,2.412121212121212e-21,7.096774193548388e-23,3.5483870967741935e-22,False,True,True,True
924,2.424242424242424e-21,2.545454545454545e-21,7.096774193548388e-23,3.9032258064516134e-22,True,True,True,True
925,2.9616161616161612e-21,2.824242424242424e-21,1.4193548387096775e-22,4.080645161290323e-22,False,True,True,True
926,3.4989898989898985e-21,3.1636363636363633e-21,1.596774193548387e-22,5.32258064516129e-22,False,True,True,True
927,4.036363636363636e-21,3.6363636363636356e-21,2.483870967741935e-22,5.5e-22,True,True,True,True
928,4.218181818181818e-21,3.666666666666666e-21,3.016129032258065e-22,6.209677419354839e-22,True,True,True,True
929,4.381818181818181e-21,4.139393939393939e-21,3.9032258064516134e-22,6.919354838709678e-22,True,True,True,True
930,4.545454545454545e-21,3.818181818181818e-21,4.258064516129032e-22,7.274193548387098e-22,True,True,True,True
931,4.581818181818182e-21,3.818181818181818e-21,4.258064516129032e-22,7.629032258064516e-22,True,True,True,True
932,4.642424242424242e-21,3.884848484848484e-21,4.612903225806451e-22,8.161290322580646e-22,True,True,False,True
933,4.630303030303029e-21,3.866666666666666e-21,4.96774193548387e-22,8.338709677419355e-22,True,True,True,True
934,4.509090909090908e-21,3.8545454545454545e-21,6.387096774193548e-22,8.338709677419355e-22,True,True,True,True
935,4.751515151515152e-21,4.090909090909091e-21,5.67741935483871e-22,9.225806451612905e-22,True,True,True,True
936,5.0121212121212114e-21,4.696969696969697e-21,9.225806451612905e-22,9.93548387096774e-22,True,True,True,True
937,5.721212121212121e-21,4.721212121212121e-21,7.096774193548387e-22,1.1e-21,True,True,True,True
938,6.1818181818181815e-21,5.0545454545454544e-21,8.516129032258065e-22,1.2419354838709678e-21,True,True,True,True
939,6.4969696969696966e-21,5.2242424242424244e-21,9.93548387096774e-22,1.3483870967741936e-21,True,True,True,True
940,6.606060606060606e-21,5.3696969696969696e-21,1.1e-21,1.4193548387096774e-21,True,True,True,True
941,6.909090909090908e-21,5.684848484848484e-21,1.2419354838709678e-21,1.5612903225806453e-21,True,True,True,True
942,7.375757575757576e-21,6.618181818181818e-21,1.5612903225806453e-21,1.667741935483871e-21,True,True,True,True
943,7.43030303030303e-21,6.569696969696969e-21,1.5258064516129032e-21,1.756451612903226e-21,True,True,True,True
944,6.975757575757574e-21,6.0363636363636355e-21,1.5080645161290323e-21,1.7387096774193547e-21,True,True,True,True
945,5.951515151515151e-21,4.945454545454545e-21,1.2419354838709678e-21,1.667741935483871e-21,True,True,True,True
946,4.5696969696969686e-21,4.23030303030303e-21,1.0290322580645162e-21,1.4903225806451614e-21,False,True,True,True
947,3.1878787878787877e-21,3.5636363636363634e-21,8.870967741935485e-22,1.3483870967741936e-21,True,True,True,True
948,2.8121212121212117e-21,3.1757575757575753e-21,7.806451612903227e-22,1.2596774193548387e-21,True,True,True,True
949,2.424242424242424e-21,2.824242424242424e-21,6.741935483870968e-22,1.135483870967742e-21,True,True,True,True
950,2.2303030303030303e-21,2.63030303030303e-21,6.564516129032258e-22,1.117741935483871e-21,True,True,True,True
951,2.1454545454545453e-21,2.4545454545454543e-21,6.564516129032258e-22,1.117741935483871e-21,True,True,True,True
952,2.0787878787878786e-21,2.412121212121212e-21,6.741935483870968e-22,1.1e-21,True,True,True,True
953,2e-21,2.3090909090909087e-21,8.161290322580646e-22,1.046774193548387e-21,True,True,True,True
954,1.9272727272727272e-21,2.242424242424242e-21,6.741935483870968e-22,1.1e-21,True,True,True,True
955,1.8424242424242423e-21,2.206060606060606e-21,6.741935483870968e-22,1.117741935483871e-21,True,True,True,True
956,1.812121212121212e-21,2.121212121212121e-21,7.096774193548387e-22,1.153225806451613e-21,True,True,True,True
957,1.8424242424242423e-21,2.109090909090909e-21,7.451612903225807e-22,1.206451612903226e-21,True,True,True,True
958,1.915151515151515e-21,2.218181818181818e-21,8.338709677419355e-22,1.2596774193548387e-21,True,True,True,True
959,1.8909090909090908e-21,2.218181818181818e-21,8.870967741935485e-22,1.2774193548387096e-21,True,True,True,True
960,1.8909090909090908e-21,2.218181818181818e-21,8.870967741935485e-22,1.4193548387096774e-21,True,True,True,True
961,1.8909090909090908e-21,2.2666666666666664e-21,9.93548387096774e-22,1.4548387096774196e-21,True,True,True,True
962,1.7939393939393937e-21,2.2666666666666664e-21,9.758064516129033e-22,1.4903225806451614e-21,True,True,True,True
963,1.6606060606060604e-21,2.206060606060606e-21,9.93548387096774e-22,1.543548387096774e-21,True,True,True,True
964,1.5636363636363636e-21,2.1454545454545453e-21,9.93548387096774e-22,1.543548387096774e-21,True,True,True,True
965,1.6363636363636364e-21,2.2121212121212117e-21,1.0290322580645162e-21,1.6322580645161291e-21,True,True,True,True
966,1.806060606060606e-21,2.3151515151515146e-21,1.206451612903226e-21,1.8096774193548387e-21,True,True,True,True
967,2.0242424242424243e-21,2.496969696969697e-21,1.4193548387096774e-21,1.9161290322580645e-21,True,True,True,True
968,2.375757575757576e-21,2.836363636363636e-21,1.8983870967741936e-21,2.164516129032258e-21,True,True,True,True
969,4.23939393939394e-21,3.696969696969696e-21,3.335483870967742e-21,2.5548387096774192e-21,False,True,True,True
970,6.103030303030303e-21,4.630303030303029e-21,4.648387096774194e-21,3.1580645161290325e-21,True,True,True,True
971,6.145454545454545e-21,5.018181818181818e-21,5.2338709677419355e-21,3.637096774193548e-21,True,True,True,True
972,3.0181818181818178e-21,3.848484848484848e-21,3.2290322580645157e-21,3.406451612903226e-21,True,True,True,True
973,1.9030303030303028e-21,2.7636363636363636e-21,2.182258064516129e-21,2.803225806451613e-21,True,True,True,True
974,1.333333333333333e-21,2.0484848484848483e-21,1.4548387096774196e-21,2.235483870967742e-21,True,True,True,True
975,1.0909090909090907e-21,1.7090909090909088e-21,1.188709677419355e-21,1.9161290322580645e-21,True,True,True,True
976,8.969696969696969e-22,1.4727272727272726e-21,1.1e-21,1.667741935483871e-21,True,True,True,True
977,8.363636363636362e-22,1.3757575757575756e-21,9.93548387096774e-22,1.65e-21,True,True,True,True
978,8.909090909090909e-22,1.3575757575757575e-21,1.5612903225806453e-21,1.6322580645161291e-21,True,True,True,True
979,9.818181818181817e-22,1.5030303030303029e-21,1.117741935483871e-21,1.685483870967742e-21,True,True,True,True
980,1.1151515151515152e-21,1.5939393939393939e-21,1.774193548387097e-21,1.845161290322581e-21,True,True,True,True
981,1.109090909090909e-21,1.4666666666666664e-21,1.7623655913978495e-21,1.987096774193548e-21,True,True,False,True
982,1.0909090909090907e-21,1.4545454545454544e-21,1.750537634408602e-21,2.0403225806451612e-21,True,True,False,True
983,1.0666666666666665e-21,1.4424242424242423e-21,1.7387096774193547e-21,2.0403225806451612e-21,True,True,True,True
984,1.018181818181818e-21,1.3939393939393938e-21,1.987096774193548e-21,2.0580645161290325e-21,True,True,True,True
985,8.969696969696969e-22,1.3212121212121212e-21,1.987096774193548e-21,2.0403225806451612e-21,True,True,True,True
986,8.303030303030302e-22,1.2727272727272725e-21,1.4903225806451614e-21,2.0758064516129034e-21,True,True,True,True
987,7.999999999999999e-22,1.2727272727272725e-21,1.5967741935483872e-21,1.9693548387096776e-21,True,True,True,True
988,7.757575757575757e-22,1.1999999999999998e-21,1.9161290322580645e-21,1.9693548387096776e-21,True,True,True,True
989,7.272727272727272e-22,1.127272727272727e-21,1.9161290322580645e-21,1.9693548387096776e-21,True,True,True,True
990,6.787878787878788e-22,1.0909090909090907e-21,1.9161290322580645e-21,2.0403225806451612e-21,True,True,False,True
991,6.181818181818181e-22,1.0424242424242424e-21,1.9161290322580645e-21,1.987096774193548e-21,True,True,True,True
992,5.818181818181817e-22,9.818181818181817e-22,1.774193548387097e-21,1.8806451612903227e-21,True,True,True,True
993,6.545454545454545e-22,1.0424242424242424e-21,1.8629032258064514e-21,1.9516129032258067e-21,True,True,True,True
994,6.787878787878788e-22,1.0666666666666665e-21,2.0580645161290325e-21,2.164516129032258e-21,True,True,True,True
995,6.727272727272727e-22,1.0545454545454544e-21,2.2e-21,2.253225806451613e-21,True,True,True,True
996,6.909090909090909e-22,1.0303030303030302e-21,2.2e-21,2.3419354838709676e-21,True,True,True,True
997,7.030303030303029e-22,1.018181818181818e-21,2.270967741935484e-21,2.412903225806452e-21,True,True,True,True
998,6.848484848484848e-22,1.0303030303030302e-21,2.3833333333333333e-21,2.5548387096774192e-21,True,True,False,True
999,6.909090909090909e-22,1.0666666666666665e-21,2.4956989247311826e-21,2.5548387096774192e-21,True,True,False,True
1000,7.636363636363636e-22,1.0787878787878787e-21,2.608064516129032e-21,2.6612903225806454e-21,True,True,True,True
1001,7.333333333333332e-22,1.018181818181818e-21,2.9806451612903227e-21,2.767741935483871e-21,True,True,True,True
1002,6.787878787878788e-22,9.696969696969696e-22,2.838709677419355e-21,2.9274193548387093e-21,True,True,False,True
1003,6.181818181818181e-22,9.212121212121211e-22,2.696774193548387e-21,2.8919354838709675e-21,True,True,True,True
1004,5.454545454545454e-22,9.212121212121211e-22,2.75e-21,2.8387096774193548e-21,True,True,True,True
1005,6.12121212121212e-22,9.272727272727271e-22,2.732258064516129e-21,2.8387096774193548e-21,True,True,True,True
1006,7.272727272727272e-22,1.0303030303030302e-21,3.4774193548387095e-21,3.1580645161290325e-21,True,True,True,True
1007,7.030303030303029e-22,1.0242424242424242e-21,3.486290322580645e-21,3.370967741935484e-21,True,True,False,True
1008,6.666666666666665e-22,9.818181818181817e-22,3.4951612903225804e-21,3.3532258064516128e-21,True,True,True,True
1009,6.242424242424242e-22,1.0121212121212121e-21,3.370967741935484e-21,3.3e-21,True,True,True,True
1010,5.818181818181817e-22,9.212121212121211e-22,3.4774193548387095e-21,3.1225806451612907e-21,True,True,True,True
1011,5.575757575757576e-22,8.424242424242423e-22,3.069354838709678e-21,3.370967741935484e-21,True,True,True,True
1012,5.757575757575757e-22,7.878787878787878e-22,3.1935483870967743e-21,3.246774193548387e-21,True,True,True,True
1013,5.333333333333332e-22,9.212121212121211e-22,3.530645161290323e-21,3.246774193548387e-21,True,True,True,True
1014,5.333333333333332e-22,8.303030303030302e-22,3.796774193548387e-21,3.1225806451612907e-21,True,True,True,True
1015,4.848484848484848e-22,8.121212121212121e-22,3.974193548387096e-21,3.1935483870967743e-21,True,True,True,True
1016,3.757575757575757e-22,6.787878787878788e-22,3.512903225806452e-21,3.1935483870967743e-21,True,True,True,True
1017,3.8787878787878784e-22,6.909090909090909e-22,2.945161290322581e-21,3.370967741935484e-21,True,True,True,True
1018,3.151515151515151e-22,7.757575757575757e-22,3.2290322580645157e-21,3.1225806451612907e-21,True,True,True,True
1019,3.636363636363636e-22,7.939393939393938e-22,3.7612903225806454e-21,3.335483870967742e-21,True,True,True,True
1020,4.363636363636363e-22,7.636363636363636e-22,4.0806451612903224e-21,3.725806451612903e-21,True,True,True,True
1021,5.393939393939393e-22,8.363636363636362e-22,4.932258064516129e-21,4.4e-21,True,True,True,True
1022,6.181818181818181e-22,9.575757575757574e-22,6.103225806451613e-21,4.861290322580646e-21,True,True,True,True
1023,6.545454545454545e-22,9.696969696969696e-22,6.5645161290322584e-21,5.2516129032258064e-21,True,True,True,True
1024,6.909090909090909e-22,1.0909090909090907e-21,7.664516129032258e-21,5.908064516129032e-21,True,True,True,True
1025,7.999999999999999e-22,1.1939393939393938e-21,8.551612903225808e-21,6.4225806451612904e-21,True,True,True,True
1026,8.969696969696969e-22,1.2848484848484848e-21,1.0627419354838711e-20,7.203225806451613e-21,True,True,True,True
1027,9.939393939393939e-22,1.4060606060606058e-21,1.2419354838709679e-20,8.161290322580645e-21,True,True,True,True
1028,1.006060606060606e-21,1.5757575757575756e-21,1.3519354838709678e-20,9.190322580645162e-21,True,True,True,True
1029,1.018181818181818e-21,1.5878787878787877e-21,1.3129032258064517e-20,9.562903225806453e-21,True,True,True,True
1030,1.1151515151515152e-21,1.6242424242424241e-21,1.557741935483871e-20,1.007741935483871e-20,True,True,True,True
1031,1.2484848484848485e-21,1.7454545454545452e-21,1.809677419354839e-20,1.1035483870967741e-20,True,True,True,True
1032,1.212121212121212e-21,1.7696969696969697e-21,1.98e-20,1.1922580645161291e-20,True,True,True,True
1033,1.0666666666666665e-21,1.6484848484848482e-21,1.9516129032258064e-20,1.2170967741935485e-20,True,True,True,True
1034,8.363636363636362e-22,1.4545454545454544e-21,1.5116129032258065e-20,1.1070967741935485e-20,True,True,True,True
1035,6.424242424242424e-22,1.3454545454545453e-21,1.0361290322580644e-20,1.0148387096774193e-20,True,True,True,True
1036,4.848484848484848e-22,1.1393939393939392e-21,8.941935483870967e-21,8.587096774193548e-21,True,True,True,True
1037,3.4545454545454545e-22,8.848484848484848e-22,7.593548387096774e-21,7.735483870967743e-21,True,True,True,True
1038,3.0909090909090906e-22,8.242424242424241e-22,6.7064516129032256e-21,6.759677419354839e-21,True,True,True,True
1039,2.787878787878788e-22,5.818181818181817e-22,5.8548387096774186e-21,6.333870967741935e-21,True,True,True,True
1040,2.727272727272727e-22,7.999999999999999e-22,6.22741935483871e-21,6.298387096774195e-21,True,True,True,True
